application_id,seat_allotted
M108W47,2203
M108W47,1603
M108Q95,2403
M109M27,2002
M110E13,1213
M110E13,1202
M104H51,1702
M108Z70,1604
M108Z70,2103
M108Z70,1903
M108Z70,1703
M108Z70,1403
M114R82,2003
M114R82,1605
M101C21,1603
M102P62,1702
M107G43,1403
M107G43,2202
M107G43,2303
M107G43,1604
M107G43,2103
M102N49,1505
M106N88,1502
M106N88,1302
M106B24,1503
M108D41,1303
M113Q83,1403
M115R31,1604
M111Z46,1503
M104P95,2102
M103X26,1211
M102V92,1801
M107D21,1602
M107D21,1201
M101Z98,1602
M111P59,1701
M113M63,1604
M113M63,1503
M111E51,2301
M111E51,1804
M108T63,1302
M108Q95,2002
M108Q95,1603
M101K82,1904
M101K82,1602
M105F73,1904
M115U83,2203
M105W39,2002
M107H67,1301
M115J77,1401
M115J77,1205
M108Q20,1803
M101E88,1505
M101E88,1303
M103Q40,1603
M103Q40,1702
M103Q40,1902
M101N86,1604
M107W39,1604
M112B86,1801
M107E80,1701
M111P81,1601
M101C29,1503
M102V36,1401
M105R94,1801
M113E87,1604
M102M30,1604
M105G47,2301
M112N86,2301
M111U85,2301
M105W39,2301
M118G21,2301
M104D50,2301
M109G40,2301
M101S81,1501
M104K60,1601
M110M37,1601
M104P83,1601
M104Y61,1403
M103X51,1402
M104W30,1402
M101S59,1901
M106J77,1901
M110M37,1901
M107A78,1901
M121F43,1901
M107S40,1503
M103J90,1601
M101J49,1601
M101Q53,1101
M111E30,1602
M118K80,1604
M118W88,1101
M108K81,1604
M106J26,1102
M102E67,1103
M102M24,1103
M104G72,1104
M112Y64,1104
M105U76,1903
M107R46,1903
M104F73,1903
M102Q82,1903
M103C40,1903
M102F61,1901
M106T60,1901
M121K48,1902
M102S96,1902
M104M27,1902
M115T47,1402
M107X19,1902
M118G21,1902
M108J76,1902
M105S37,1902
M112K35,1902
M103K95,2101
M114X70,1902
M101M12,1904
M105H73,1904
M101J49,2101
M104N25,2103
M101F40,1904
M106E14,1904
M117S23,1904
M108E17,1904
M107H38,1904
M107K22,1904
M106U91,1904
M107G76,1904
M102T12,1503
M102W29,1503
M105J10,1904
M104X28,1904
M112J48,1904
M101U34,1503
M103H76,1904
M108F98,1904
M104W59,1805
M111Z10,1802
M109H52,1803
M115Y15,2303
M104Y61,2303
M114G33,2303
M101F76,2303
M118E32,2303
M106D69,2303
M114Q18,1503
M116Y26,1905
M108T73,1905
M107G92,1905
M110T46,1905
M108U35,1905
M101K53,1905
M111C44,1905
M104G13,1905
M108S23,1905
M120P73,1905
M119M29,1905
M106C99,1905
M109S65,1905
M115P92,1905
M102H66,1905
M104F26,1905
M118U96,1905
M114C18,1905
M103A94,1905
M103U48,1905
M108U28,1701
M103Z87,1701
M101W95,1702
M105T85,1701
M102G17,1701
M104W59,1703
M106J77,1701
M110D94,1702
M108M91,1703
M113C63,1702
M115Y49,1702
M106A73,1301
M102U17,1301
M106S48,1301
M102E95,1301
M101U32,1301
M106J46,1301
M108T36,1301
M109K18,1301
M103Y51,1301
M107U23,1901
M101U45,1301
M115C15,1301
M109G47,1302
M111K18,1302
M102E17,1302
M108Q16,1302
M112J26,1302
M103G11,1302
M104S13,1302
M108P37,1302
M109R21,1302
M103R40,1303
M107Z50,1303
M102A17,1303
M112Z30,1303
M103V19,1303
M109Q80,1303
M103N27,2201
M107S99,1501
M107S87,1501
M118J12,1502
M117J34,1501
M109Z21,1501
M110A41,1501
M109H62,1505
M107S75,2201
M109Z11,1502
M103R20,2201
M101F44,1502
M108U21,2201
M102K19,1505
M103H57,1505
M107Z50,1505
M110X50,1505
M108N97,1505
M101D50,1505
M114C48,1504
M109F36,1502
M116Z37,1504
M112J26,1502
M108M99,1502
M110S90,1504
M104M99,1504
M111Q20,1504
M116S36,1504
M115G61,1504
M106K74,2302
M111G50,1504
M101S45,1504
M120H32,1503
M118P10,2302
M119G15,2302
M107F27,2201
M101E33,2201
M109X84,2201
M114B95,2201
M113X72,2201
M109Z21,2201
M105C56,2201
M105C70,2201
M109P53,2201
M103V13,2201
M110H99,2201
M116N15,2201
M120U17,2201
M106T60,2201
M113V54,2201
M107H36,2201
M104M65,2202
M102U90,2202
M113W66,2202
M106D69,2202
M102Q82,2202
M104F73,2202
M101D45,2202
M108M91,2202
M104S59,2202
M117S65,2202
M101Q52,2202
M105C38,2202
M103B42,2202
M103F38,2203
M105T55,2203
M113A59,2203
M105G47,2203
M104H51,2203
M107F84,2203
M104K36,2203
M104M27,2203
M103F80,2203
M104J78,2203
M105W39,2203
M118G21,2203
M103Q76,2203
M109G40,2203
M108U28,2001
M102M40,2001
M105G82,2001
M107Y71,2001
M116N15,2001
M110T51,2001
M104P69,2001
M101R80,2001
M120P46,2001
M102N50,2002
M118Q87,2002
M101M35,1214
M102J71,1203
M115R24,1214
M108C59,1203
M101S36,2002
M101D45,1216
M118G21,2002
M114S23,2002
M103C75,2002
M103X55,2002
M109R40,2002
M114X70,2002
M102P35,2003
M114D68,2003
M104Y61,2003
M111A61,2003
M117G35,2003
M112B86,1201
M108B65,1203
M115R65,1203
M122V96,1204
M114B95,2401
M108Y54,1206
M106P56,1205
M104K60,1401
M106B71,1402
M103T63,1402
M104F60,1402
M121G46,1402
M103D72,1402
M121N43,1403
M115W20,1403
M104X71,1805
M104X71,1703
M104X71,1403
M104X71,1303
M104X71,1216
M107D79,1604
M107D79,1403
M115P88,2301
M115P88,1702
M104D20,1102
M106E37,1703
M106K15,1603
M105T91,1903
M115Y15,2103
M102S31,1213
M111K40,1210
M101X29,1216
M101X29,1303
M114R82,1703
M114R82,1604
M104N25,2402
M104N25,1213
M104N25,1212
M102V65,2202
M102V65,2303
M102V65,1903
M102V65,1605
M102V65,1403
M107R46,1212
M106F45,1905
M102F76,1207
M101Q52,1604
M105U76,2202
M110E49,1604
M108Y15,1601
M108Y15,1401
M108Y15,1803
M108Q20,1701
M105F14,1501
M103G85,1301
M111R49,1205
M103M62,1401
M102G40,2101
M101K92,2101
M103R20,1401
M106Q12,2101
M104C44,2001
M101E33,2302
M103X51,1702
M102V93,1205
M104P95,1402
M115P88,1603
M107E47,1601
M117H22,1205
M107E13,1205
M105F52,1201
M107H38,1201
M103W61,1201
M102T71,1201
M107F17,1201
M106Y52,1201
M110C80,1201
M105D15,1201
M106U95,1201
M109F45,1201
M105H62,1201
M101P74,1201
M108K96,1201
M107D17,1201
M107N13,1201
M101Z96,1201
M113K85,1201
M105R94,1201
M108J10,1201
M109W82,1201
M105M96,1201
M105H61,1201
M105H73,1201
M109W41,1201
M101P47,1201
M102H24,1201
M111B71,1201
M107D19,1201
M107D18,1201
M108T64,1201
M105F45,1201
M119T85,1201
M102T61,1201
M105E34,1201
M106M74,1201
M105Q42,1201
M106J45,1201
M110E92,1201
M107K64,1201
M109W77,1201
M107K60,1201
M107K12,1201
M105E39,1201
M109W86,1201
M105E78,1201
M109W53,1201
M105H65,1201
M116H70,1201
M105H64,1201
M101N25,1201
M108M76,1201
M108X80,1201
M103J46,1201
M103J31,1201
M103J40,1201
M111Z46,1104
M117R79,1104
M111S52,1104
M102N49,1104
M107B53,1104
M114J83,1104
M103H55,1104
M107K54,1104
M105G95,1104
M104N15,1104
M108N97,1104
M112Q89,1104
M105X66,1104
M108P17,1104
M101S62,1104
M101A74,1104
M103A40,1104
M109U10,1104
M102M83,1104
M109J34,1104
M102T16,1104
M119W11,1104
M107M70,1104
M102J64,1104
M103D94,1104
M111G71,1104
M104F25,1201
M106Q94,1103
M106F26,1604
M107C16,1503
M103V13,1701
M112E94,1503
M103W36,1501
M110T51,1401
M104H52,1604
M121Y10,1505
M107D80,1403
M102T59,1303
M101N86,1703
M111V15,1505
M108S93,2101
M119F93,1805
M111B69,1604
M114C18,1701
M111U85,2002
M121G21,1104
M101Y88,1104
M104U99,1104
M102C27,1104
M104U59,1104
M102M81,1104
M109T45,1104
M103H42,1103
M108P37,1103
M106D65,1103
M118R93,1103
M101H97,1103
M104G26,1103
M117X41,1103
M118U96,1103
M102Z69,1103
M114P78,1103
M102H66,1103
M101B41,1103
M117K53,1103
M115V31,1103
M104D15,1103
M116A18,1103
M106W69,1103
M104K32,1103
M114C48,1103
M103M72,1103
M110D94,1103
M111D44,1103
M101K53,1103
M108W31,1103
M108F90,1103
M116Z37,1103
M106C68,1103
M104R64,1103
M103A97,1103
M108T73,1103
M115U13,1103
M104E32,1103
M107S73,1103
M103Q31,1103
M108T93,1103
M102T33,1103
M105J82,1103
M113C85,1103
M101T64,1103
M104N25,1202
M107F68,1202
M101Z98,1605
M106N70,1605
M106N70,1801
M109G13,1904
M102C89,1504
M104A32,1605
M108S12,1602
M108S12,1201
M105W92,1501
M108B37,1602
M106M56,1602
M101Q31,1202
M104X71,2103
M122B31,2303
M122B31,1209
M104A43,1805
M104A43,1605
M102A61,1212
M105T91,1605
M105T91,2202
M113E71,1604
M118U24,1101
M107F27,2101
M109U56,1504
M105K32,2302
M109Y71,1702
M105C56,1901
M102S82,1605
M101M81,1103
M107G43,1903
M107G43,1703
M107Y89,1604
M107Y89,1903
M103V74,1903
M104Z45,1403
M101G71,2202
M105B46,2303
M103C40,1604
M108P48,2103
M102G80,1403
M112B86,1904
M103W61,1602
M107R79,1703
M107P36,2002
M106E37,1403
M106E37,1303
M119T74,1604
M105E84,1301
M105E84,1205
M105E84,1803
M105B57,1703
M105B57,1403
M106B56,1303
M103V19,1403
M104V82,1303
M101G71,1903
M101G71,1403
M108U14,2202
M107T19,1103
M116J34,1203
M108U14,1202
M102U90,1805
M120P50,1805
M120P50,1703
M120P50,1403
M101N64,2103
M115W20,1604
M109G68,1804
M109G68,1402
M109G68,1302
M108D41,1403
M105T85,1301
M105T85,1211
M111B88,1401
M110W51,1401
M106B24,1216
M118Q31,1401
M108P17,1503
M108P17,1207
M107Z79,1601
M113M63,1805
M115Y85,2303
M114Y74,2402
M104U62,1901
M104M71,2101
M101N86,1903
M108S93,1701
M107P79,1303
M118E32,2402
M121Y93,2202
M103Q31,1203
M122R37,1303
M106W68,1206
M106W68,1103
M101D76,1805
M111Q54,1703
M111Q54,1216
M108C59,1504
M119T74,1403
M119T74,1303
M120V92,1206
M121D44,1203
M105B57,1805
M112H62,1505
M104W59,1604
M106D95,1701
M104B68,1503
M102M73,2103
M102M73,1303
M105B46,1403
M120P50,1216
M107D79,1805
M107D79,1703
M102G80,1604
M102G33,1805
M111R13,1303
M106K82,1302
M110M73,2002
M110M73,1702
M110M73,1402
M107A99,1302
M119N93,1804
M108P37,1206
M108G65,2301
M106U68,2403
M106U68,1702
M112V28,1603
M103P55,1804
M118S37,1205
M108T63,1902
M108T63,1603
M111W86,2102
M104W22,1102
M104W22,1601
M111Y48,1101
M110U56,1502
M105N65,1214
M109S15,1502
M114V43,1205
M114V43,1102
M102K25,2102
M104Q99,2002
M117E60,1804
M117E60,1502
M117E60,1302
M106S90,1804
M106S90,1702
M103Y51,1501
M103Y51,1401
M106K59,1504
M103M66,1102
M105C73,1401
M110W54,1701
M110W54,1601
M106R33,1301
M104D21,1702
M103C14,1302
M103V96,1101
M103Q87,1803
M101Q52,2402
M108Y15,1701
M102S96,1702
M107E47,2101
M112K95,1803
M106K79,1101
M109K56,1210
M107D13,1402
M112S27,1803
M114M79,1211
M106K23,2401
M112S27,2302
M112S27,1501
M105E84,1401
M111U96,1301
M103Y51,1205
M107E62,1101
M110Z23,1302
M113V76,1803
M113V76,1501
M114V43,1701
M103J93,1701
M103J93,1301
M106V45,1702
M107G68,1206
M111F25,1101
M113N12,1502
M113N12,1402
M113N12,1302
M109K20,1501
M109K20,1205
M111P81,1901
M106Z20,2302
M105U15,1701
M102M92,1803
M103M58,1401
M110M73,2203
M118J12,2203
M102B94,2203
M103X55,2203
M108G65,2203
M117D56,2203
M120U11,1205
M112Y51,1205
M114Z54,2203
M111G92,2203
M104F60,2203
M115U32,2203
M102X90,2203
M103Q31,2203
M106W60,2203
M106K15,2203
M106D78,2203
M117G35,2202
M108Y15,2101
M108Q20,2101
M111A99,1401
M104U62,1803
M104U62,1401
M106N88,2301
M109Y71,2301
M103K20,2301
M104P95,2301
M102Y25,2301
M108Q95,2301
M115U83,2301
M109M27,2301
M113A59,2301
M102S96,2203
M104H51,2301
M107T64,2301
M107T64,2203
M111U85,2203
M107H76,2301
M114X25,2202
M102Z38,2202
M104Y61,2202
M117U51,2202
M108X35,2202
M110W69,2202
M104Z45,2202
M112G76,2202
M103A52,2202
M101A73,2202
M111G77,2202
M102P35,2202
M110E47,2202
M106E15,2201
M116A26,2201
M110W51,2201
M106J86,2201
M109K32,2201
M106A20,2201
M101Y68,2201
M108U28,2201
M106H24,2201
M107R79,2103
M114W62,2103
M121Y93,2103
M103B42,2103
M120M90,2103
M115D67,2103
M118R93,1206
M111A61,2103
M108S40,2103
M103A61,2103
M113Q83,2103
M115F17,2103
M111G51,2103
M109E15,2103
M102Y85,2103
M107F84,1402
M101C21,2002
M102Z65,1902
M102Z65,1302
M108W47,1902
M102X90,1702
M108K13,1902
M106W33,1402
M108H85,1603
M101B35,2401
M102T90,2001
M104N25,2202
M102V97,2202
M105U76,2103
M103H94,2201
M104M71,2201
M105K32,2101
M107Q35,1901
M101J49,2201
M109M27,2203
M102N63,2201
M102S96,2301
M103N75,2201
M104K34,2201
M101R80,2201
M102Z38,2103
M105U61,2103
M110E13,2103
M109K47,2103
M101T15,2103
M112C84,2103
M104P15,2103
M108X35,2103
M101T67,2103
M106R60,2103
M110W69,2103
M104Z45,2103
M102Q82,2103
M101N14,2103
M103A52,2103
M101G71,2103
M101A73,2103
M111P54,2103
M113W66,2103
M102P35,2103
M103K53,2103
M112F32,2103
M106Q11,2103
M102U90,2103
M107P80,2103
M113U97,2103
M105B76,2103
M102G33,2103
M105V83,2103
M113W40,2102
M110M73,2102
M111G37,2102
M103Q76,2102
M103C75,2102
M104K73,2102
M119C75,2102
M108G65,2102
M101U74,2102
M106K91,2102
M101A65,2102
M114D55,1208
M108S51,1208
M103F80,2102
M107X19,2102
M104D67,2102
M111U92,2102
M110D94,2102
M105C91,2102
M104K36,2102
M118Q87,2102
M102X90,2102
M117W71,2102
M108G65,2002
M101U74,2002
M105S37,2002
M118X59,2002
M106U68,2002
M108J76,2002
M104D50,2002
M106K91,2002
M111G92,2002
M103F80,2002
M104D67,2002
M101W68,2002
M109B47,2002
M107Z25,2002
M102Y20,2002
M111V68,2002
M102P62,2002
M111C44,2002
M105R71,2002
M104K36,2002
M107F84,2002
M105T91,2103
M114R82,2103
M102V65,2103
M108Q95,2102
M115U83,2102
M109M27,2102
M102Y25,2102
M102S96,2102
M107T64,2102
M109Y98,2103
M111U85,2102
M105W39,2102
M103H95,2103
M109M40,2102
M105V31,2103
M118F72,2002
M108W47,2002
M106K15,2002
M111D97,2002
M106Q75,2002
M111H43,2002
M109E19,2002
M102S38,2002
M101R31,2002
M102B24,2002
M102D22,2002
M106E15,2001
M120C14,2001
M102A60,2001
M109J10,2001
M101U45,2001
M104T46,2001
M101B35,2001
M112B49,2001
M121F43,2001
M109K32,2001
M106A20,2001
M114B95,2001
M101Y68,2001
M109X84,2001
M110U42,2001
M106Q49,2001
M110T36,2001
M106D37,2001
M116Z35,1905
M119E67,1905
M112H20,1905
M110C27,1210
M116G29,1905
M115B76,1905
M111X39,1905
M102F86,1905
M102U35,1905
M110X76,1905
M108H64,1905
M102X98,1905
M116F42,1905
M102Z55,1905
M115J78,1905
M107X19,1905
M103M62,2001
M102G40,2001
M107T44,2001
M101P81,2001
M114U12,2001
M108F55,2001
M101E33,2001
M104M71,2001
M103G65,2001
M105K32,2001
M107H36,2001
M106A68,2001
M107Q35,2001
M104P95,2002
M115P88,2002
M115P64,2001
M107U23,2001
M103N43,2001
M113B86,2001
M102F82,2001
M110H99,2001
M113A59,2002
M102Y25,2002
M115U83,2002
M102S96,2002
M103N75,2001
M120U17,2001
M107T64,2002
M104K34,2001
M106T60,2001
M107N44,2001
M110X91,1905
M113A96,1905
M110H57,1905
M104E49,1905
M108S55,1905
M103W75,1301
M102M49,1301
M119A46,1210
M119W76,1802
M108P99,1802
M112X25,1802
M119D26,1802
M109K23,1204
M110J92,1802
M122M84,1213
M102U94,1802
M118K72,1213
M110X97,1101
M101V38,1802
M101V38,1213
M101V38,1204
M115N85,1213
M118R23,1802
M114A35,1204
M101D44,1904
M112G96,1602
M108Z39,1905
M101Z81,1212
M108Z39,1904
M108Z39,1201
M113K85,1602
M105F52,1801
M107H38,1602
M105F48,1904
M102T71,1801
M107F17,1801
M109W27,1904
M107D21,1801
M106C33,1801
M109A10,1201
M102V92,1602
M106C71,1801
M106C71,1201
M107A99,2403
M116W19,2403
M108G65,2403
M107P36,2403
M115U32,2403
M104K36,2403
M118Q87,2403
M102X90,2403
M118F72,2403
M117W71,2403
M103Q31,2403
M110C43,2403
M113U15,2403
M116S14,2402
M117G35,2402
M120F30,2402
M105C38,2402
M122C63,2402
M102Z38,2402
M112B69,2402
M102V65,2402
M102V97,2402
M101C23,2402
M115U83,2403
M109M27,2403
M113A59,2403
M102S96,2403
M105G47,2403
M104H51,2403
M107T64,2403
M111U85,2403
M104E36,2403
M104J78,2403
M105W39,2403
M109M40,2403
M103V74,2402
M112M91,2402
M105U70,2402
M103Y99,2402
M108X35,2402
M102Y29,2402
M104F73,2402
M110W69,2402
M104Z45,2402
M112G76,2402
M103A52,2402
M111P54,2402
M118H67,2401
M108D70,2401
M110W51,2401
M102U51,2401
M103G88,2401
M102F88,2401
M121F43,2401
M102T90,2401
M109K32,2401
M104G95,2401
M106A20,2401
M105J93,2401
M108U28,2401
M121Y93,2303
M113F85,2303
M117V35,2303
M102F86,2303
M112R53,1213
M102G86,1213
M102Y85,2303
M102Z38,2303
M103V74,2303
M112M91,2303
M105U70,2303
M108X35,2303
M102Y29,2303
M104F73,2303
M112G76,2303
M101G71,2303
M112F32,2303
M116A26,2302
M110W51,2302
M102G68,2302
M116E33,2302
M102H89,2302
M109M22,2302
M103W53,2302
M113A18,2302
M112B49,2302
M102T90,2302
M106A20,2302
M114B95,2302
M105J93,2302
M101Y68,2302
M109X84,2302
M104A43,2402
M105T91,2303
M115Y85,2402
M102V97,2303
M101Q52,2303
M105U76,2303
M105J26,2401
M101E33,2401
M104M71,2401
M105K32,2401
M107H36,2401
M107H36,2302
M105C56,2401
M105C56,2302
M102M40,2302
M106A68,2401
M107Q35,2401
M103K95,2302
M109P53,2302
M103V13,2401
M113B86,2302
M107Y71,2401
M107T61,2401
M110H99,2401
M110H99,2302
M104K34,2401
M104K34,2302
M106T60,2302
M113W40,2301
M110M73,2301
M106U68,2301
M102K75,2301
M104K93,1905
M103M72,1905
M101A16,1905
M107K47,1905
M107K22,1905
M104N98,1905
M103K37,1213
M106H94,1905
M105R95,1905
M117S23,1905
M101M81,1905
M110R32,1905
M101Z74,1904
M104N60,1904
M106Z54,1904
M107M67,1904
M108K78,1904
M107F99,1904
M103R69,1904
M109K37,1904
M111E30,1904
M107K47,1904
M104N98,1904
M108U35,1904
M106H94,1904
M107K52,1904
M105R95,1904
M102T71,1904
M110R32,1904
M103P39,1904
M115W93,1904
M107Q71,1903
M103Q75,1903
M104Q79,1903
M103M71,1903
M107R51,1903
M108X35,1903
M106R60,1903
M104Z45,1903
M112G76,1903
M103Y50,1904
M108P19,1904
M108S12,1904
M108Y44,1905
M106M56,1904
M112G93,1904
M103B33,1905
M115Y15,1903
M115Y85,1903
M111K40,1903
M114Y74,1903
M116Z46,1904
M103Y11,1904
M101Q38,1904
M102H75,1904
M111T61,2302
M108F55,2302
M107F27,2302
M104E36,2301
M104J78,2301
M109M40,2301
M113W66,1903
M105B46,1903
M107X67,1903
M102G80,1903
M102H87,1903
M113W40,1902
M121G86,1902
M121F81,1902
M106F14,1902
M101U74,1902
M102U72,1902
M118X59,1902
M101B41,1902
M106U68,1902
M104J87,1902
M103P40,1902
M110G11,1902
M112C62,1902
M104D50,1902
M111G92,1902
M116A18,1902
M104D67,1902
M101K58,1902
M117Z27,1902
M106F83,1902
M111V68,1902
M106E46,1902
M101C21,1902
M105R71,1902
M115U32,1902
M104K36,1902
M107F84,1902
M102X90,1902
M117W71,1902
M106K15,1902
M108H85,1902
M103T63,1902
M106W33,1902
M102V68,1902
M111Y49,1902
M102R90,1902
M110P28,1902
M106M47,1902
M116A26,1901
M108D70,1901
M107T39,1901
M102Q60,1901
M116D25,1901
M117X55,1901
M107M21,1901
M106D95,1901
M101B35,1901
M112B49,1901
M115P88,1902
M110T51,1901
M105F15,1901
M113B86,1901
M101J49,1901
M109M27,1902
M107Y71,1901
M107T61,1901
M110H99,1901
M116N15,1901
M102Y25,1902
M102N63,1901
M115G16,1901
M105G47,1902
M120U17,1901
M104H51,1902
M107T64,1902
M101R80,1901
M114C18,1901
M107W39,1903
M105W39,1902
M101M23,1903
M107N44,1901
M119Z23,1903
M102T90,1901
M113X72,1901
M103Y93,1901
M106A20,1901
M114B95,1901
M101Y68,1901
M116N91,1801
M103Q31,2102
M108W47,2102
M106W60,2102
M106K15,2102
M106M99,2102
M110G70,2102
M117E47,2102
M113E16,2102
M102G32,2102
M102F77,2102
M110Y92,2102
M106E15,2101
M116T65,2101
M120U11,1301
M103B57,1301
M105C46,2101
M107T44,2101
M107A80,2101
M104U62,2101
M107S75,2101
M101P81,2101
M103R20,2101
M104C44,2101
M106Q12,1901
M114U12,2101
M111T61,1901
M111T61,2101
M105J26,2101
M103H94,2101
M108F55,1901
M108F55,2101
M101E33,1901
M101E33,2101
M107F27,1901
M103G65,1901
M103G65,2101
M105K32,1901
M107H36,1901
M107H36,2101
M105C56,2101
M102M40,2101
M105C57,1901
M105C57,2101
M106A68,2101
M107Q35,2101
M109N74,2101
M110H88,2101
M108R58,2101
M115P88,2102
M102V36,2101
M105H81,2101
M109P53,2101
M106U79,2101
M107U23,2101
M103V13,2101
M103N43,2101
M105F15,2101
M113B86,2101
M102F82,2101
M107Y71,2101
M107T61,2101
M110H99,2101
M115P64,2101
M116N15,2101
M110T51,2101
M102N63,2101
M101R72,2101
M103V87,2101
M107E49,2101
M112Y27,2101
M101B64,2101
M115G16,2101
M107F63,2101
M103N75,2101
M120U17,2101
M103Z78,2101
M104K34,2101
M106T60,2101
M101R80,2101
M114C18,2101
M104M44,2101
M108F81,2101
M107N44,2101
M107R79,2003
M114W62,2003
M108Z12,2003
M108S40,2003
M105C38,2003
M116W79,2003
M105U61,2003
M108M91,2003
M110E13,2003
M111E93,2003
M103B83,2003
M101Z12,2003
M106D69,2003
M103A52,2003
M111P54,2003
M105E10,1302
M101P71,1302
M113W66,2003
M108U14,2003
M106Q11,2003
M101U33,2003
M103Z66,2003
M110Z45,2002
M113W40,2002
M112K35,2002
M103Q76,2002
M101T55,1901
M104C67,1901
M103X26,1901
M117G35,1805
M120F30,1805
M118E32,1805
M107R79,1805
M121Y93,1805
M122R37,1805
M108Z12,1805
M103A61,1805
M105C38,1805
M113F85,1805
M114X25,1805
M122C63,1805
M120S36,1805
M111F39,1805
M101N84,1805
M101Z12,1805
M110Q61,1302
M108M99,1302
M109Q80,1805
M111Q54,1805
M119T74,1805
M108K81,1805
M101D45,1805
M112H62,1805
M104B68,1805
M102M73,1805
M112S29,1805
M115H53,1805
M108P83,1805
M106D57,1805
M101Y21,1805
M105B46,1805
M102P35,1805
M103K53,1805
M112F32,1805
M104U38,1805
M106Q11,1805
M107P80,1805
M105T91,2003
M101X29,1805
M101Q52,1805
M105U76,2003
M110Z22,1805
M104D41,2101
M104G64,2101
M105R25,2101
M114B49,2101
M107E80,2101
M102Z57,2101
M111Y61,2101
M110A64,2101
M105K92,2101
M103G85,2101
M121Y66,2101
M104U15,2101
M103M62,2101
M101K92,1901
M107A80,1901
M118K80,2003
M102G80,1805
M101N64,1805
M105B76,1805
M103J70,1805
M101M55,1805
M105V83,1805
M101U42,1805
M102S72,1805
M111R13,1805
M102Y88,1805
M101E18,1805
M106C40,1805
M115T77,1805
M105D57,1804
M103D24,1804
M112C45,1804
M102M42,1804
M108H31,1804
M110U71,1804
M109A29,1804
M103C14,1804
M102G17,1803
M107A78,1803
M113V54,1803
M117N98,1803
M101S32,1803
M102A60,1803
M113Z88,1803
M106K23,1803
M104P69,1803
M106C21,1803
M114Y61,1803
M113C13,1803
M117H22,1803
M112Y51,1803
M104T46,1803
M103Y51,1803
M106K30,1803
M114V43,1803
M103J93,1803
M105K80,1803
M117J34,1803
M116J70,1803
M104S28,1803
M111F71,1803
M106Q49,1803
M110T36,1803
M106D37,1803
M101K54,1803
M111P81,1803
M105X23,1803
M106Z20,1803
M106U53,1803
M105U15,1803
M107F72,1803
M103M58,1803
M101K25,1803
M103W75,1803
M105T47,1803
M101W10,1803
M102Q14,1803
M112M33,1803
M102M52,1803
M102Y61,1803
M108X11,1803
M104V90,1803
M105Q48,1803
M102M49,1803
M106T95,1803
M104P29,1802
M105T13,1802
M117R27,1802
M121F44,1802
M119A46,1802
M115J66,1802
M114B49,1803
M107E80,1803
M102Z57,1803
M111Y61,1803
M110A64,1803
M111A99,1803
M103G85,1803
M121Y66,1803
M101K92,1803
M107T44,1803
M107A80,1803
M108R58,1803
M107E49,1803
M112Y27,1803
M115D72,1805
M106K53,1805
M118K80,1805
M108F81,1803
M109K56,1802
M118N10,1802
M111Y71,1802
M106R19,1802
M103Y53,1802
M116X62,1802
M105D23,1802
M104X44,1802
M104G86,1802
M103A34,1802
M109S85,1303
M107J89,1802
M118Z53,1802
M103P68,1802
M111V62,1802
M115M18,1802
M122E29,1802
M118W88,1802
M102V20,1802
M104W72,1802
M107P53,1802
M102Z66,1802
M109K23,1802
M107T85,1802
M103D92,1802
M122M84,1802
M103Y28,1802
M109Z52,1802
M119N28,1802
M101T95,1303
M102B66,1802
M112C84,1303
M112F79,1802
M110F92,1802
M112J25,1802
M117P78,1802
M106D45,1802
M109J65,1802
M120B31,1802
M109X29,1802
M116T43,1802
M105H66,1904
M107N13,1904
M107K57,1904
M105R94,1904
M105M96,1904
M101R38,1903
M101Z80,1903
M123A68,1903
M104R36,1903
M120F30,1903
M113A87,1903
M108S40,1903
M103A61,1903
M116W79,1903
M117S65,1903
M107D25,1903
M113Q83,1903
M106F52,1903
M103Q97,1903
M102F86,1903
M102Y85,1903
M102Z38,1903
M105U61,1903
M110N90,1903
M105Q84,1903
M103B27,1903
M115U52,1802
M101J17,1802
M117S12,1802
M116H77,1802
M102H49,1802
M103N90,1802
M104A77,1802
M102E35,1802
M122Y27,1802
M116Q36,1802
M111D57,1802
M101P19,1802
M115A17,1802
M102D92,1802
M118K72,1802
M110X97,1802
M110T50,1802
M111J82,1802
M103Y98,1802
M118U34,1802
M102V97,1903
M110Z22,1903
M101D62,1802
M111B31,1802
M109M36,1802
M103Z68,1802
M111H33,1802
M106P86,1802
M112U70,1802
M110Q97,1802
M121Y25,1802
M114A45,1802
M111M11,1802
M110Y65,1802
M118U79,1802
M115N85,1802
M101J97,1802
M112J55,1802
M106J75,1802
M106D33,1802
M122M82,1802
M109W18,1802
M111K56,1802
M105M56,1802
M119M47,1802
M103M60,1802
M101V76,1802
M107E62,1802
M106R35,1802
M112S49,1802
M114A35,1802
M119C93,1802
M102N12,1802
M104N60,1801
M117U43,1801
M107R91,1801
M108K78,1801
M101D44,1801
M108J95,1801
M111Q73,1801
M106U91,1801
M111E30,1801
M107K47,1801
M107K22,1801
M108Z39,1801
M107H38,1801
M105F48,1801
M118E32,1703
M114W62,1703
M121N43,1703
M103Z33,1703
M115G15,1703
M105E13,1703
M101D26,1703
M109N70,1703
M104X84,1703
M105H30,1703
M113A87,1703
M108Z12,1703
M111A61,1703
M103A61,1703
M105C38,1703
M107D25,1703
M104S59,1703
M116C24,1703
M108D41,1703
M110W96,1703
M110Q44,1703
M114X88,1703
M101A44,1703
M120F11,1703
M119H10,1703
M102Z38,1703
M105U61,1703
M104Y61,1703
M110J78,1703
M110E13,1703
M109K47,1703
M117Q73,1703
M110N90,1703
M101T15,1703
M111E93,1703
M101T95,1703
M101Z12,1703
M109Q80,1703
M119T74,1703
M107G75,1703
M101D85,1703
M107A78,1401
M106U68,1804
M104N25,1703
M101Q52,1703
M110Z22,1703
M122F40,1703
M101D45,1703
M112H62,1703
M105Z82,1703
M104B68,1703
M107C15,1703
M101D16,1703
M109S85,1703
M122H83,1703
M114W65,1703
M103X19,1703
M102Q82,1703
M101G71,1703
M104A16,1703
M105B46,1703
M112F32,1703
M104U38,1703
M106Q11,1703
M102U90,1703
M102K63,1703
M102G80,1703
M101N64,1703
M103J70,1703
M102S72,1703
M104N15,1703
M115R12,1703
M117H28,1703
M103H57,1703
M102H61,1703
M101Z68,1703
M120V53,1703
M102S19,1703
M104A36,1703
M104H60,1703
M104W70,1703
M101K47,1703
M110E57,1703
M112W19,1703
M102Z51,1703
M117K36,1703
M107M34,1703
M103G41,1703
M111C45,1703
M104K64,1703
M109A77,1703
M105D39,1703
M103A40,1703
M101G36,1703
M119M83,1702
M103F60,1702
M112V69,1702
M114X70,1702
M110Z45,1702
M113W40,1702
M121G86,1702
M112U27,1702
M120K58,1702
M110B53,1702
M102D28,1805
M117R94,1805
M102H61,1805
M110C17,1805
M107D94,1805
M104F22,1805
M110M73,1804
M118J12,1804
M111G37,1804
M107A99,1804
M104U16,1804
M108P37,1804
M108G65,1804
M118X59,1804
M121Y10,1703
M101E88,1805
M103T31,1703
M102T59,1703
M105A13,1703
M101P62,1703
M107Z50,1703
M111V15,1703
M104F42,1703
M119F93,1703
M116A89,1703
M107P79,1703
M109Y98,1703
M115D72,1703
M106K53,1703
M111H55,1402
M106Q39,1703
M103W82,1703
M107R45,1703
M107W39,1703
M108E22,1703
M118K80,1703
M103H95,1703
M105V31,1703
M103P40,1804
M102K75,1804
M102W92,1804
M112V28,1804
M107C41,1804
M112B10,1804
M104G26,1804
M101Y99,1804
M104M27,1804
M111W86,1804
M108T63,1804
M104F60,1804
M102C49,1402
M107U96,1804
M109B47,1804
M117Z27,1804
M114X37,1804
M107D31,1804
M107Z25,1804
M102Y20,1804
M101S36,1804
M105U65,1804
M106F83,1804
M112J84,1804
M110S56,1804
M110U56,1804
M105N65,1804
M109S15,1804
M108E14,1804
M103C30,1804
M111D97,1804
M117E47,1804
M106K82,1804
M106W33,1804
M108M99,1804
M111H43,1804
M110Q61,1804
M108V16,1804
M111Y49,1804
M109E19,1804
M108K37,1804
M110C43,1804
M103G11,1804
M110U74,1804
M112A25,1804
M108M26,1804
M102H91,1804
M102F77,1804
M113U15,1804
M108K13,1804
M102S38,1804
M106K80,1804
M106H13,1804
M102K25,1804
M101R31,1804
M108B73,1804
M103F38,1804
M104Q99,1804
M112C66,1804
M101R32,1804
M106Y77,1804
M101B67,1804
M107W17,1804
M101C96,1804
M111V47,1702
M106V35,1702
M109R21,1702
M111J77,1702
M119G88,1702
M122R94,1702
M119E67,1702
M118N12,1702
M102A19,1702
M104G87,1702
M103A94,1702
M103X55,1702
M103C75,1702
M104K73,1702
M119C75,1702
M102U72,1702
M118X59,1702
M101B41,1702
M102E90,1702
M103Q77,1702
M114E22,1702
M101M70,1702
M109Z31,1702
M106E68,1702
M102Z69,1702
M103X11,1702
M102Y34,1702
M102G30,1702
M108H64,1702
M104J18,1702
M121G46,1702
M103U51,1702
M112N86,1804
M106V81,1702
M104Y68,1702
M103V83,1702
M108W31,1702
M111H55,1702
M110G11,1702
M112C62,1702
M108J76,1702
M106K91,1702
M101A65,1702
M110W39,1702
M107P36,1702
M101K58,1702
M111W86,1702
M108T63,1702
M104F60,1702
M105D60,1702
M104V76,1702
M107U96,1702
M109B47,1702
M102E63,1702
M102Q95,1702
M109G68,1702
M101V79,1702
M102Y20,1702
M101S36,1702
M105C91,1702
M105U65,1702
M102Q65,1702
M110U56,1702
M102N50,1702
M117E47,1702
M106W33,1702
M108M99,1702
M108Q93,1702
M111Y49,1702
M113E16,1702
M110U74,1702
M102F77,1702
M109X44,1702
M105B13,1702
M106K80,1702
M109F65,1702
M102K25,1702
M120W36,1702
M106Q25,1702
M104Q99,1702
M101W27,1702
M103J22,1702
M106D78,1702
M101R32,1702
M101B67,1702
M115T47,1702
M110S72,1702
M115U20,1702
M106B32,1702
M106U27,1702
M110P28,1702
M101C96,1702
M105E10,1702
M103Z40,1702
M110G85,1702
M101B66,1702
M118C33,1702
M108G26,1702
M101A34,1702
M103G77,1702
M108R35,1702
M108R24,1702
M108R28,1702
M101A52,1702
M102D57,1702
M102Z63,1702
M104A87,1702
M107G81,1702
M114T98,1702
M107H52,1702
M110X31,1702
M105U90,1501
M106D67,1702
M101N17,1702
M113Q41,1702
M119W22,1702
M106R96,1702
M104T57,1702
M106G96,1702
M110X30,1702
M116T65,1701
M119G15,1701
M110M37,1701
M104J78,1702
M105W39,1702
M109M40,1702
M103T43,1701
M109V26,1701
M103E36,1701
M117R18,1701
M104V51,1701
M101W39,1701
M113Z88,1701
M103H30,1701
M108X34,1701
M113W58,1701
M105U34,1701
M105U25,1701
M112Q52,1701
M107Y99,1701
M117X55,1701
M107D73,1701
M101S59,1701
M102U75,1701
M107V21,1701
M106J86,1701
M101U45,1701
M120U11,1701
M110C60,1701
M109P45,1701
M108Z44,1701
M103M99,1701
M102J14,1701
M108W38,1701
M103Z52,1701
M106K30,1701
M113V76,1701
M103A26,1701
M111Y85,1701
M104G66,1701
M108F42,1701
M103J83,1701
M105T63,1701
M103W61,1801
M107K52,1801
M106Y52,1801
M110C80,1801
M101K82,1801
M101F40,1801
M115W93,1801
M105H66,1801
M107N13,1801
M107K57,1801
M105M96,1801
M105H61,1801
M105H73,1801
M109W27,1801
M105B45,1801
M101P47,1801
M109A10,1801
M119T85,1801
M104V13,1701
M103Y50,1801
M101C23,1703
M105K32,1701
M105C57,1701
M106A68,1701
M109N74,1701
M102V36,1701
M105H81,1701
M107E47,1701
M106U79,1701
M107U23,1701
M103N43,1701
M105F15,1701
M113B86,1701
M101J49,1701
M102F82,1701
M107Y71,1701
M116P79,1501
M103H30,1501
M107T61,1701
M110H99,1701
M115P64,1701
M116N15,1701
M110T51,1701
M103V87,1701
M107E49,1701
M112Y27,1701
M101B64,1701
M107F63,1701
M103N75,1701
M120U17,1701
M103Z78,1701
M104K34,1701
M106T60,1701
M104M44,1701
M108F81,1701
M107N44,1701
M102T90,1701
M103Y93,1701
M106A20,1701
M110U42,1701
M106H24,1701
M110T36,1701
M103N13,1701
M105X23,1701
M106Z20,1701
M102V43,1701
M107H83,1701
M107A79,1701
M105C73,1701
M105W93,1701
M103M58,1701
M104B94,1701
M105S98,1701
M102T23,1701
M104N74,1701
M104A86,1701
M106S48,1701
M104V74,1701
M102M59,1701
M113C19,1701
M103G23,1701
M103J33,1701
M114B14,1701
M102U17,1701
M107X97,1701
M109K80,1701
M104Y40,1701
M110V70,1701
M101J75,1701
M110E58,1701
M110U12,1701
M104W79,1701
M105K91,1701
M108V87,1701
M101V64,1701
M104K35,1701
M107E12,1701
M101X68,1701
M108D41,1604
M101A44,1604
M104U29,1604
M119H10,1604
M108S46,1604
M108P30,1604
M117A94,1604
M104S44,1604
M102N49,1604
M117V35,1604
M102F86,1604
M102Y85,1604
M105U61,1604
M110E13,1604
M109K47,1604
M110N90,1604
M101N52,1604
M101T15,1604
M103B27,1604
M111E93,1604
M104P15,1604
M101T95,1604
M101Z12,1604
M106E37,1604
M101D85,1604
M104J52,1604
M109P78,1604
M112S29,1604
M107R42,1604
M104D41,1701
M104G64,1701
M105P40,1502
M105R25,1701
M105K92,1701
M111A99,1701
M103G85,1701
M121Y66,1701
M103M62,1701
M102G40,1701
M101K92,1701
M107A80,1701
M104U62,1701
M105J26,1701
M106Q12,1701
M108F55,1701
M107F27,1701
M104M71,1701
M103G65,1701
M107S58,1701
M104P59,1701
M115W84,1604
M106K98,1604
M103Q35,1604
M109F44,1604
M111B45,1604
M105D71,1604
M101Y55,1604
M104A44,1604
M102P35,1604
M103K53,1604
M112F32,1604
M104U38,1604
M102U90,1604
M106W61,1604
M107P80,1604
M102H87,1604
M121F81,1603
M105X61,1603
M109R40,1603
M106F14,1603
M119C75,1603
M102C49,1603
M102U72,1603
M118X59,1603
M103V61,1603
M101B41,1603
M106D35,1603
M111M83,1603
M102E90,1603
M102D25,1603
M103P40,1603
M101M70,1603
M109Q96,1603
M111Y66,1603
M106W66,1603
M104S13,1702
M105R71,1702
M104K36,1702
M107F84,1702
M104N90,1702
M104X71,1604
M105V31,1604
M106D49,1604
M104X96,1604
M107C16,1604
M112E94,1604
M101Y36,1604
M104B84,1604
M111V91,1604
M106P35,1604
M103J43,1604
M106F66,1604
M102G93,1604
M102J72,1604
M109N63,1604
M106J32,1604
M103N68,1604
M101M11,1604
M104D90,1604
M103S66,1604
M106F38,1604
M121Y10,1604
M115U83,1702
M101E88,1604
M103T31,1604
M107D80,1604
M102T59,1604
M105A13,1604
M102U59,1604
M107R42,1503
M121F76,1503
M101P62,1604
M107Z50,1604
M111V15,1604
M104F42,1604
M119F93,1604
M116A89,1604
M107P79,1604
M109Y98,1604
M115D72,1604
M110X50,1604
M106K53,1604
M106Q39,1604
M103W82,1604
M107R45,1604
M111F39,1503
M101M23,1604
M108E22,1604
M101N55,1604
M119Z23,1604
M103H95,1604
M103S16,1604
M108W47,1702
M101Y44,1702
M106K15,1702
M112C62,1603
M104D50,1603
M106K91,1603
M111G92,1603
M107X19,1603
M104M27,1603
M101K58,1603
M105D60,1603
M101W68,1603
M109B47,1603
M114X37,1603
M107D31,1603
M107Z25,1603
M101V79,1603
M102Y20,1603
M112J84,1603
M110S56,1603
M111V68,1603
M102P62,1603
M112X63,1603
M111C44,1603
M105R71,1603
M104K36,1603
M107F84,1603
M105N65,1603
M109S15,1603
M105P40,1603
M102X90,1603
M108E14,1603
M103C30,1603
M102N50,1603
M117E47,1603
M102V68,1603
M106T10,1603
M102R90,1603
M105A93,1603
M112R83,1603
M104D54,1603
M111V29,1603
M112C66,1603
M104W32,1603
M106B32,1603
M106U27,1603
M114W95,1603
M101P71,1603
M104D36,1603
M103Z40,1603
M110U50,1603
M105J48,1603
M105A29,1603
M111V63,1603
M115R84,1603
M101Z74,1602
M104N60,1602
M101A95,1602
M106Z54,1602
M104V63,1602
M107K59,1602
M107F99,1602
M103R69,1602
M107G76,1602
M109K37,1602
M106U91,1602
M107K47,1602
M107K22,1602
M105F52,1602
M105F48,1602
M107K52,1602
M102T71,1602
M106E14,1602
M105F73,1602
M103P39,1602
M107F17,1602
M106Y52,1602
M105X64,1602
M108Q95,1702
M109M27,1603
M102S96,1603
M104H51,1603
M107T64,1603
M111U85,1603
M104J78,1603
M105W39,1603
M109M40,1603
M109F45,1602
M105H62,1602
M105H66,1602
M107X22,1602
M101P74,1602
M108K96,1602
M107D17,1602
M101M12,1602
M107K57,1602
M105R94,1602
M106M67,1602
M105M96,1602
M105H61,1602
M105H73,1602
M109W27,1602
M105B45,1602
M101P47,1602
M106C33,1602
M102H24,1602
M104F25,1602
M111B71,1602
M107D19,1602
M107D20,1602
M107D18,1602
M108T64,1602
M105F45,1602
M108X64,1602
M105E34,1602
M106M76,1602
M105Q42,1602
M110E92,1602
M101K26,1602
M116A26,1601
M105T85,1601
M119G15,1601
M110N49,1601
M113V54,1601
M107T39,1601
M102A89,1601
M119G30,1601
M104H13,1601
M103H30,1601
M108X34,1601
M113W58,1601
M105U34,1601
M107E13,1601
M107V99,1601
M107D73,1601
M112V44,1601
M102C77,1601
M107M21,1601
M101S59,1601
M102C41,1601
M110U44,1601
M109J10,1601
M106D95,1601
M107Q46,1601
M108E89,1601
M101H53,1601
M115D29,1601
M110C60,1601
M109P45,1601
M102A24,1601
M107E54,1601
M115X89,1601
M102J14,1601
M105P62,1601
M103Z52,1601
M122C63,1505
M103A26,1601
M111Y85,1601
M107H47,1601
M113A18,1601
M103J93,1601
M114M79,1601
M117J34,1601
M105F23,1601
M105J36,1601
M101H87,1601
M107N19,1601
M105N59,1601
M102A50,1601
M105D54,1601
M103J34,1601
M104X99,1601
M106N70,1602
M102V36,1601
M105H81,1601
M107Y71,1601
M107T61,1601
M110H99,1601
M102N63,1601
M106Z20,1601
M102V43,1601
M107H67,1601
M105E60,1604
M114W62,1604
M105K69,1604
M121N43,1604
M115D67,1604
M103Z33,1604
M105E13,1604
M111Z46,1604
M108V17,1604
M113A87,1604
M101F84,1604
M103A61,1604
M105C38,1604
M107K68,1605
M103Y50,1605
M109G13,1605
M108P19,1605
M108E17,1605
M119A24,1605
M102F23,1605
M111J73,1605
M110T46,1605
M108Y44,1605
M108S12,1605
M101R23,1605
M105H60,1605
M105P13,1605
M102M88,1605
M109J76,1605
M106Z44,1605
M108B37,1605
M106M56,1605
M112G93,1605
M103S94,1605
M107A48,1605
M101Q31,1605
M109Z35,1605
M114E77,1605
M113E71,1605
M108N77,1605
M107R69,1605
M104X71,1605
M122B31,1605
M102A61,1605
M103B33,1605
M115Y15,1605
M102S31,1605
M115Y85,1605
M103W44,1605
M111K40,1605
M115R89,1605
M106N57,1605
M116Z46,1605
M103Y11,1605
M112N80,1605
M101X29,1605
M101U30,1605
M105N51,1605
M104N25,1605
M102V97,1605
M105X64,1605
M107R46,1605
M113X58,1605
M106F45,1605
M109Z21,1601
M101Q38,1605
M102H75,1605
M102F76,1605
M101Q52,1605
M105U76,1605
M110Z22,1605
M122F40,1605
M108E11,1605
M102R83,1605
M110E49,1605
M101F76,1605
M101F76,1604
M101C23,1605
M104D41,1601
M104G64,1601
M105R25,1601
M114B49,1601
M108Q20,1601
M107E80,1601
M102Z57,1601
M111Y61,1601
M105K92,1601
M105X40,1601
M102Z89,1601
M104P10,1601
M107H83,1601
M101T55,1601
M117D82,1601
M105W93,1601
M104H80,1601
M111P59,1601
M103A36,1601
M102T23,1601
M104N74,1601
M103X26,1601
M104A86,1601
M106S48,1601
M104V74,1601
M103G23,1601
M103J33,1601
M102U17,1601
M109K80,1601
M110V70,1601
M101J75,1601
M110E58,1601
M112P67,1601
M110U12,1601
M104W79,1601
M106J26,1601
M109K20,1601
M108V87,1601
M107R40,1601
M107D86,1601
M108D85,1601
M104D19,1601
M105D87,1601
M106R92,1601
M109C82,1601
M111P89,1601
M106G94,1601
M108Z93,1601
M110E53,1601
M104D20,1601
M103Z71,1601
M103V90,1601
M111H72,1601
M107R79,1505
M121Y93,1505
M120U25,1505
M116C24,1505
M106B24,1505
M119T74,1505
M107G75,1505
M122B38,1505
M101M84,1505
M107Y56,1505
M103Q35,1505
M103X19,1505
M111V72,1505
M114J83,1505
M103X12,1505
M101W83,1505
M106Y25,1505
M104U29,1503
M105Z92,1503
M120F11,1503
M106D51,1503
M104S44,1503
M106H37,1503
M105J10,1602
M107B53,1503
M104R20,1503
M105B57,1503
M112H62,1503
M105Z82,1503
M107C15,1503
M109S85,1503
M104V82,1503
M106D57,1503
M103X19,1503
M111V72,1503
M105D71,1503
M104V47,1503
M111J36,1503
M105G95,1503
M108N97,1503
M115P89,1503
M105F14,1601
M109J64,1601
M111P55,1601
M107K66,1601
M104W12,1601
M107R43,1601
M110Z71,1601
M102G34,1503
M105K41,1503
M102Q23,1503
M103Q88,1503
M103G41,1503
M106R37,1503
M109Q93,1503
M104S65,1503
M109P35,1503
M117U39,1503
M107G51,1503
M102H13,1503
M101S67,1503
M108C53,1503
M102C51,1503
M104U85,1503
M109A77,1503
M101S14,1503
M105D39,1503
M106X35,1503
M103P41,1503
M109J34,1503
M106J95,1503
M102T16,1503
M119W11,1503
M102J64,1503
M111G71,1503
M121G21,1503
M105C65,1503
M106D86,1503
M111V13,1503
M112A47,1503
M106C16,1503
M104G53,1503
M103A56,1503
M102P91,1503
M111G37,1502
M112K35,1502
M105X61,1502
M109R40,1502
M108P37,1502
M107F15,1502
M118R93,1502
M118J67,1502
M101B41,1502
M114Z54,1502
M101T31,1502
M103Q77,1502
M103B44,1502
M103P40,1502
M102K75,1502
M109Z31,1502
M101Y99,1502
M106E68,1502
M102Z69,1502
M113R48,1502
M108U74,1502
M104D15,1502
M112V38,1502
M101V79,1502
M102Y66,1502
M102Y20,1502
M105C91,1502
M110G11,1603
M121R18,1603
M105U65,1502
M112J84,1502
M102Q65,1502
M104S13,1502
M112X63,1502
M104N90,1502
M101Y44,1502
M106K82,1502
M110Q61,1502
M108V16,1502
M106T10,1502
M108Q93,1502
M108K37,1502
M108Q99,1502
M105A93,1502
M112A25,1502
M108M26,1502
M109F65,1502
M106Q25,1502
M108T11,1502
M101K96,1502
M101Y36,1503
M111V91,1503
M105E77,1503
M103J43,1503
M106F66,1503
M111Q29,1503
M117D93,1503
M111D22,1502
M102R13,1502
M108U62,1502
M106V25,1502
M117U43,1602
M103H76,1602
M107M67,1602
M108K78,1602
M120D60,1602
M108J95,1602
M112J48,1602
M105H40,1602
M107R60,1602
M103S18,1602
M102F80,1602
M103D10,1602
M101E68,1602
M101C96,1502
M106V45,1502
M111X25,1502
M105C76,1502
M102Q76,1502
M101P71,1502
M105E10,1502
M104D36,1502
M107J91,1502
M103D24,1502
M103Z40,1502
M110G85,1502
M106H33,1502
M112C45,1502
M102N51,1502
M108G26,1502
M108W70,1502
M103G77,1502
M102M42,1502
M108R35,1502
M108H31,1502
M106M47,1502
M108R24,1502
M108R28,1502
M101A52,1502
M102D57,1502
M102Z63,1502
M104A87,1502
M107G81,1502
M114T98,1502
M107H52,1502
M113Q41,1502
M110U71,1502
M104T57,1502
M109A29,1502
M103C14,1502
M105D73,1502
M106Q91,1502
M109D87,1502
M106T76,1502
M102M12,1502
M101X29,1604
M104R41,1502
M101R87,1502
M107K56,1502
M104K40,1502
M102Y62,1502
M109R18,1502
M107M55,1502
M112X13,1502
M102N48,1502
M103K33,1502
M110S75,1502
M107K58,1502
M101V27,1502
M103P63,1502
M118H67,1501
M116T65,1501
M105T85,1501
M110M37,1501
M112K95,1501
M109V26,1501
M118F64,1501
M102J47,1501
M113Z88,1501
M106K23,1501
M106C21,1501
M108N52,1501
M106B24,1604
M115D50,1402
M102U72,1402
M112G93,1602
M116C24,1604
M107A48,1602
M107D25,1604
M116W79,1604
M114E77,1602
M115R89,1602
M106N57,1602
M116Z46,1602
M118U85,1502
M120S40,1402
M102D25,1402
M111B19,1402
M108H64,1402
M101X84,1402
M104J18,1402
M103U51,1402
M115Y49,1402
M102M77,1402
M106V81,1402
M105V35,1402
M114S87,1402
M101Q92,1402
M102X98,1402
M112H77,1402
M113C63,1402
M104Y68,1402
M110G11,1402
M112C62,1402
M108J76,1402
M104D50,1402
M106K91,1402
M111G92,1402
M103F80,1402
M107X19,1402
M107P36,1402
M104D67,1402
M101K58,1402
M111U92,1402
M111W86,1402
M105D60,1402
M115R24,1402
M107U96,1402
M102E63,1402
M108E73,1402
M107P47,1402
M115B75,1402
M105A87,1402
M106Z60,1402
M102N91,1402
M109R67,1402
M101T91,1402
M114X37,1402
M106X50,1402
M107D31,1402
M106V97,1402
M104F31,1402
M101V79,1402
M102V31,1402
M108S55,1402
M114M12,1402
M105D41,1402
M105D88,1402
M105U65,1402
M105Q85,1402
M102G29,1402
M102P44,1402
M113T35,1402
M101C21,1402
M102P62,1402
M105R71,1402
M104K36,1402
M102X90,1402
M117W71,1402
M109C74,1402
M108W47,1402
M102N50,1402
M117E47,1402
M106K82,1402
M102R90,1402
M102G32,1402
M110U74,1402
M102H91,1402
M109X44,1402
M106K59,1402
M106K80,1402
M104Z85,1402
M104D21,1402
M112R83,1402
M108B73,1402
M108N36,1402
M101W27,1402
M103J22,1402
M101R32,1402
M109M27,1402
M115U83,1402
M102S96,1402
M104H51,1402
M107T64,1402
M111U85,1402
M104J78,1402
M105W39,1402
M109M40,1402
M115U20,1402
M110Z23,1402
M108K14,1402
M106V45,1402
M105C76,1402
M107G68,1402
M106E15,1401
M116A26,1401
M105T85,1401
M102G17,1401
M110G54,1401
M105U26,1401
M110P72,1401
M101W39,1401
M118P10,1401
M116D25,1401
M113Z88,1401
M106K23,1401
M122F73,1401
M110B49,1401
M110Q88,1401
M107V35,1505
M105X66,1505
M111N30,1505
M101H20,1505
M104A48,1505
M103X16,1505
M104P70,1505
M109G88,1505
M103M30,1505
M109T46,1504
M101E31,1504
M112H15,1504
M120Y83,1504
M101S78,1504
M103H51,1504
M103A19,1504
M105U50,1504
M118C65,1504
M101R28,1504
M118U96,1504
M115Q59,1504
M103X91,1504
M109K32,1701
M114P78,1504
M102H66,1504
M117K53,1504
M105M40,1504
M107N65,1504
M120Y50,1504
M101R99,1504
M112G21,1504
M104F56,1504
M116J34,1504
M107D82,1504
M102G76,1504
M122Q15,1504
M106R47,1504
M106U31,1504
M112S16,1504
M103S13,1504
M112A15,1504
M119V94,1504
M115R65,1504
M101D72,1504
M104K32,1504
M114X99,1504
M102Q45,1504
M103M72,1504
M101A16,1504
M111D44,1504
M105D61,1504
M107E49,1401
M103T31,1505
M112Y27,1401
M101B64,1401
M107F63,1401
M103N75,1401
M120U17,1401
M103Z78,1401
M108S93,1401
M115D72,1505
M103W82,1505
M103M70,1504
M108J27,1504
M110J46,1504
M120K69,1504
M109E97,1504
M109H65,1504
M111F85,1504
M110H50,1504
M105N98,1504
M106R52,1504
M104F98,1504
M106T75,1504
M105J75,1504
M103W94,1504
M105J85,1504
M116K89,1504
M105J79,1504
M102Q56,1504
M101A92,1504
M106B51,1504
M118M28,1504
M101W26,1504
M108C42,1504
M113Z19,1504
M101R55,1504
M106D89,1504
M101M92,1504
M106C68,1504
M104R64,1504
M102K29,1504
M103A97,1504
M102S48,1504
M108T73,1504
M115U13,1504
M104E32,1504
M107S73,1504
M116Y26,1504
M105Q54,1504
M108T93,1504
M104X11,1504
M112Q92,1504
M113C85,1504
M101P25,1504
M118N74,1504
M101R10,1504
M107A30,1702
M105C74,1504
M102U92,1504
M104H17,1504
M106P31,1504
M105J73,1504
M110E75,1504
M105J80,1504
M106E87,1504
M105J81,1504
M102J71,1504
M104R88,1504
M101N21,1504
M104U37,1504
M105J87,1504
M105J91,1504
M115W77,1504
M107R79,1503
M103Z33,1503
M122R37,1503
M117R79,1503
M101V28,1503
M114X88,1503
M116M79,1401
M107E13,1401
M107V99,1401
M107Z79,1401
M117X55,1401
M111J55,1504
M105J76,1504
M111H64,1504
M107J43,1504
M106A59,1504
M103K50,1504
M101P26,1504
M105R64,1504
M102S94,1504
M108V80,1504
M101N77,1504
M111H69,1504
M105B82,1504
M104A68,1504
M106C72,1504
M106T13,1504
M103K96,1504
M106Q94,1504
M101V78,1504
M101G82,1504
M122H66,1504
M101S59,1401
M102H89,1401
M102U75,1401
M109J10,1401
M107V21,1401
M106J86,1401
M106D95,1401
M105C70,1401
M109Z21,1401
M120U11,1401
M115D29,1401
M110C60,1401
M109P45,1401
M105P62,1401
M107N69,1401
M107H47,1401
M114M79,1401
M105K80,1401
M111U96,1401
M109K32,1401
M113X72,1401
M103Y93,1401
M106A20,1401
M114B95,1401
M105J93,1401
M109X84,1401
M108U21,1401
M106Q49,1401
M110T36,1401
M106D37,1401
M101K54,1401
M108V16,1302
M106T10,1302
M108K37,1302
M122G13,1302
M105A93,1302
M112A25,1302
M108M26,1302
M106H13,1302
M112H77,1702
M101Q92,1702
M120W36,1302
M106Q25,1302
M103F38,1302
M108K36,1302
M104Q99,1302
M101F44,1302
M101W27,1302
M112C66,1302
M101R32,1302
M106Y77,1302
M115T47,1302
M106B71,1302
M107W17,1302
M113Z56,1302
M106B32,1302
M111F47,1302
M101C96,1302
M111X25,1302
M104H15,1302
M103D24,1302
M103Z40,1302
M110G85,1302
M112C45,1302
M102G40,1401
M101K92,1401
M105C46,1401
M107A80,1401
M107S75,1401
M101P81,1401
M114U12,1401
M106Q12,1401
M111T61,1401
M105J26,1401
M103H94,1401
M108F55,1401
M107F27,1401
M104M71,1401
M103G65,1401
M105H81,1401
M107E47,1401
M103K95,1401
M103V13,1401
M105F15,1401
M101J49,1401
M102F82,1401
M107Y71,1401
M107T61,1401
M110H99,1401
M115P64,1401
M109B81,1302
M117Y46,1302
M103G77,1302
M109Q73,1302
M102M42,1302
M104V75,1302
M108H31,1302
M106M47,1302
M111F58,1302
M113Z70,1302
M104Q52,1302
M102D57,1302
M102Z63,1302
M104A87,1302
M114T98,1302
M113Q41,1302
M106R96,1302
M110U71,1302
M109A29,1302
M105B35,1302
M105A29,1302
M103F43,1302
M103P53,1302
M108H16,1302
M109N97,1302
M107W61,1302
M115A20,1302
M117R70,1302
M106K13,1302
M102D31,1302
M112X97,1302
M102M24,1302
M107E16,1302
M103A51,1302
M104P98,1302
M101D81,1302
M110U91,1302
M102X26,1302
M106Y61,1302
M107P80,1703
M101W70,1302
M107G79,1302
M116Q65,1302
M119J81,1302
M108E38,1302
M109E24,1302
M116E25,1302
M111T73,1302
M118H67,1301
M116T65,1301
M110M37,1301
M120C14,1301
M122W92,1301
M112K95,1301
M102J47,1301
M112W28,1301
M110W59,1301
M101D94,1301
M117R18,1301
M106D96,1301
M102G44,1301
M101W39,1301
M102A60,1301
M113Z88,1301
M106K23,1301
M104P69,1301
M106C21,1301
M108N52,1301
M103H30,1301
M114Y61,1301
M116E33,1301
M122P68,1301
M113C13,1301
M109H30,1301
M117H22,1301
M112Y51,1301
M115M28,1301
M112V44,1301
M105H15,1301
M102C41,1301
M103G88,1301
M106J86,1301
M105C70,1301
M105G82,1301
M109Z21,1301
M101H53,1301
M115D29,1301
M111H78,1501
M105H81,1301
M107E47,1301
M109P53,1301
M112Y27,1301
M101B64,1301
M105J12,1501
M105C23,1501
M107S63,1501
M111H75,1501
M111Q86,1501
M106P34,1501
M105T39,1501
M110T93,1501
M107X27,1501
M110E46,1501
M103A86,1501
M114D43,1501
M123A68,1403
M103B42,1703
M107M80,1403
M101V80,1403
M120P52,1403
M120F30,1703
M120F30,1403
M118E32,1403
M107R79,1403
M120U25,1403
M105K69,1403
M117Y66,1403
M106B42,1403
M106F24,1403
M120B19,1403
M105H30,1403
M116D54,1403
M113A87,1403
M111A61,1403
M103A61,1403
M105C38,1403
M104S59,1403
M114X25,1403
M110Q44,1403
M115Z71,1403
M104U29,1403
M110V72,1403
M101Y80,1403
M106B24,1403
M107Y34,1403
M107F68,1403
M105D50,1403
M107K32,1403
M114Y59,1403
M118F63,1403
M102C39,1403
M106F52,1403
M103Q97,1403
M117B78,1403
M117V35,1403
M110N43,1403
M102Y85,1403
M102Z38,1403
M105U61,1403
M106H37,1403
M110E13,1403
M109K47,1403
M110N90,1403
M101T15,1403
M117U51,1403
M112C84,1403
M104P15,1403
M103B83,1403
M101T95,1403
M103T51,1403
M109Q80,1403
M111Q54,1403
M101D85,1403
M104J52,1403
M108K81,1403
M106B56,1403
M104V82,1403
M108X35,1403
M101T67,1403
M106R60,1403
M104F73,1403
M104V44,1403
M114Y95,1403
M110W69,1403
M112G76,1403
M114D68,1403
M102Q82,1403
M101N14,1403
M103A52,1403
M104A16,1403
M101A73,1403
M111G77,1403
M110Z22,1403
M122F40,1403
M113W66,1403
M108U14,1403
M107X67,1403
M102P35,1403
M103K53,1403
M112F32,1403
M108P48,1403
M106Q11,1403
M102U90,1403
M110E47,1403
M101N64,1403
M102H87,1403
M113U97,1403
M105B76,1403
M103J70,1403
M102G33,1403
M104M65,1403
M105V83,1403
M102S72,1403
M115R12,1403
M111R13,1403
M117H28,1403
M103H57,1403
M101G31,1403
M103R30,1403
M102G57,1802
M109M37,1802
M109P26,1403
M113W32,1402
M114X70,1402
M110Z45,1402
M113W40,1402
M122W79,1402
M112U27,1402
M103H42,1402
M110Y47,1402
M105X61,1402
M113D43,1402
M107Y74,1402
M111J77,1402
M119G88,1402
M122R94,1402
M119E67,1402
M118N12,1402
M102A19,1402
M104G87,1402
M102B94,1402
M103Q76,1402
M117A21,1402
M103A94,1402
M103X55,1402
M103C75,1402
M119C75,1402
M110C60,1301
M104T46,1301
M108Z44,1301
M103M99,1301
M102J14,1301
M108W38,1301
M106K30,1301
M113V76,1301
M110T73,1301
M115J77,1301
M103A26,1301
M116J70,1301
M104S28,1301
M105A28,1301
M108R47,1301
M110D89,1301
M115C97,1301
M109H52,1301
M111F71,1301
M108R58,1301
M105A13,1403
M102U59,1403
M101P62,1403
M107Z50,1403
M111V15,1403
M104F42,1403
M116A89,1403
M107P79,1403
M110X50,1403
M111B69,1403
M106K53,1403
M106Q39,1403
M103W82,1403
M107W39,1403
M101M23,1403
M108E22,1403
M118K80,1403
M119Z23,1403
M103H95,1403
M105V31,1403
M102M46,1301
M107Y97,1301
M102D40,1301
M109R88,1301
M111G91,1301
M103H82,1301
M106K74,1301
M116Q55,1301
M110U42,1301
M108U21,1301
M106H24,1301
M110T36,1301
M101K54,1301
M102E23,1301
M106E67,1301
M105X23,1301
M106Z20,1301
M101W39,1803
M101D94,1803
M102Z89,1301
M105U15,1301
M103W95,1301
M102M92,1301
M112Y46,1301
M103M58,1301
M105S98,1301
M101K25,1301
M105T47,1301
M104X89,1301
M101W10,1301
M102Q14,1301
M111P95,1213
M112Q54,1213
M105E10,1804
M112A36,1213
M111X25,1804
M115B76,1213
M121Z48,1213
M106M79,1213
M111X39,1213
M107Y70,1213
M110M42,1213
M111H19,1213
M103P34,1213
M103E93,1213
M104F26,1213
M108T69,1213
M116B90,1213
M107J89,1213
M122N38,1213
M101X84,1213
M109M22,1213
M104H21,1213
M101Y43,1213
M102H18,1213
M108Y50,1213
M116F42,1213
M103D33,1213
M101Z81,1213
M115W41,1213
M109P96,1213
M109W47,1213
M101T74,1213
M109C35,1213
M102Z55,1213
M115D98,1213
M109S65,1213
M115J78,1213
M101K77,1213
M104T94,1213
M105A50,1213
M102S78,1213
M105S38,1213
M103V22,1213
M106Q36,1213
M105S40,1213
M106Z55,1213
M119M29,1213
M110X91,1213
M107W38,1213
M106Q93,1213
M109G52,1213
M107R46,1213
M104D41,1301
M105R25,1301
M111A99,1301
M121Y66,1301
M101K92,1301
M107A80,1301
M107S75,1301
M101P81,1301
M103R20,1301
M104C44,1301
M106Q12,1301
M105J26,1301
M115P64,1213
M118U78,1213
M110H57,1213
M103Q41,1213
M104G71,1213
M105R99,1213
M103G67,1213
M105R71,1213
M109K78,1213
M109K32,1213
M111N80,1213
M103D92,1213
M103Y28,1213
M105J80,1103
M102B66,1213
M117P78,1213
M111D69,1213
M102S90,1213
M112C60,1213
M110K89,1213
M102D92,1213
M101D62,1213
M111H33,1213
M112U70,1213
M110Q97,1213
M114A45,1213
M118U79,1213
M106F47,1213
M102U62,1213
M111M91,1213
M111P37,1212
M106K49,1212
M112S40,1212
M101B70,1212
M116P29,1212
M114C73,1212
M106F59,1212
M104J61,1212
M107R25,1212
M122G25,1212
M111T71,1212
M114W76,1212
M105M68,1212
M104W21,1212
M110R14,1212
M107W36,1212
M122N96,1212
M103W39,1212
M101N62,1212
M103W80,1212
M101F84,1212
M119G88,1212
M120U53,1212
M102B94,1212
M109B40,1212
M105U73,1212
M101W39,1212
M110A13,1212
M103K24,1212
M103F12,1212
M104R19,1212
M104G27,1212
M108X52,1212
M102B56,1212
M109S30,1212
M103W92,1212
M112Z73,1212
M111P95,1212
M106R78,1212
M112Q54,1212
M101N20,1212
M112A36,1212
M115B76,1212
M109X12,1212
M109G83,1212
M106M79,1212
M103B83,1303
M103T51,1303
M101Z12,1303
M111Q54,1303
M107G75,1303
M101D85,1303
M104J52,1303
M108K81,1303
M105B57,1303
M112H62,1303
M104W59,1303
M104B68,1303
M101M84,1303
M103W44,1213
M110Z22,1212
M122F40,1212
M105C46,1213
M107R42,1303
M115H53,1303
M122H83,1303
M117R43,1303
M108P83,1303
M106A68,1901
M103X19,1303
M111V72,1303
M110D57,1303
M108Y57,1303
M102E56,1303
M102P27,1303
M106T29,1303
M107K54,1303
M105H80,1303
M106Y41,1303
M120P32,1303
M110E47,1303
M101N64,1303
M102H87,1303
M113U97,1303
M105B76,1303
M103J70,1303
M105V83,1303
M106Y25,1303
M101U42,1303
M102S72,1303
M115R12,1303
M107V35,1303
M102Y88,1303
M101E18,1303
M114F41,1303
M115T77,1303
M102D28,1303
M101U33,1303
M117R94,1303
M102W29,1303
M102H61,1303
M104B45,1303
M111N30,1303
M110C17,1303
M105N72,1303
M107D94,1303
M104F22,1303
M104H60,1303
M104W70,1303
M113U13,1303
M102Y40,1303
M119G57,1303
M101E64,1303
M113A52,1303
M107G51,1303
M116T81,1303
M102H13,1303
M101S67,1303
M108C53,1303
M102C51,1303
M109J50,1303
M106P61,1303
M101C89,1303
M107Z95,1303
M101S14,1303
M101A17,1303
M104K10,1303
M106X35,1303
M103P41,1303
M101G58,1303
M101J85,1303
M109U10,1303
M112T98,1303
M101U54,1303
M118J12,1302
M111G37,1302
M112K35,1302
M105U50,1302
M103T31,1303
M105A13,1303
M111V15,1303
M104F42,1303
M119F93,1303
M116A89,1303
M109Y98,1303
M115D72,1303
M106K53,1303
M106Q39,1303
M103W82,1303
M107R45,1303
M107W39,1303
M101M23,1303
M108E22,1303
M118K80,1303
M105V31,1303
M107D46,1302
M106W61,1903
M108P48,1903
M116W19,1302
M107F15,1302
M101U74,1302
M115D50,1302
M105S37,1302
M118X59,1302
M101B41,1302
M114Z54,1302
M101T31,1302
M103B44,1302
M103P40,1302
M112S93,1302
M102K75,1302
M102W92,1302
M112V28,1302
M103H63,1302
M107C41,1302
M112B10,1302
M104G26,1302
M110Q36,1302
M106E68,1302
M121R18,1302
M113R48,1302
M113Z47,1302
M108U74,1302
M107K79,1302
M101W49,1302
M104D15,1302
M105Z81,1302
M104F60,1302
M115R24,1302
M110D94,1302
M107U96,1302
M101W68,1302
M109B47,1302
M117Z27,1302
M102E63,1302
M102Q95,1302
M105A87,1302
M114X37,1302
M107D31,1302
M101V79,1302
M102Y20,1302
M101S36,1302
M105C91,1302
M105U65,1302
M106F83,1302
M112J84,1302
M110U56,1302
M112X63,1302
M109S15,1302
M105P40,1302
M104N90,1302
M107S20,1302
M103C30,1302
M103N16,1212
M122W10,1212
M107Y70,1212
M101A16,1212
M110M42,1212
M111H19,1212
M117V35,1212
M103P34,1212
M114X49,1212
M108K64,1212
M104Y61,1212
M110J78,1212
M106W98,1212
M110X14,1212
M108T69,1212
M104J21,1212
M108R61,1212
M112E16,1212
M122M96,1212
M108H64,1212
M101X84,1212
M107G75,1212
M103T36,1212
M102U22,1212
M110C19,1212
M122B38,1212
M104A63,1212
M104H21,1212
M102X98,1212
M101Y43,1212
M113C63,1212
M102H18,1212
M103D33,1212
M101V35,1212
M104D97,1212
M104V19,1212
M109G36,1904
M108J95,1904
M113X58,1212
M106F45,1212
M112N86,1302
M104K11,1212
M111K21,1212
M109W47,1212
M111U19,1212
M106U15,1212
M101A65,1212
M106D74,1212
M103V68,1212
M102Z55,1212
M101R16,1212
M104Z28,1212
M109Z65,1212
M106S28,1212
M109S65,1212
M115J78,1212
M101K77,1212
M104T94,1212
M103P55,1212
M102S78,1212
M105S38,1212
M110D12,1212
M103V22,1212
M106Q36,1212
M115N28,1212
M105S40,1212
M106Z55,1212
M119M29,1212
M109H62,1212
M110X91,1212
M107W38,1212
M106Q93,1212
M104U38,1212
M101K54,1212
M107V35,1212
M112N26,1212
M103Q27,1212
M112D64,1211
M102G68,1211
M104K60,1211
M110U44,1211
M117J34,1211
M107V49,1211
M107H67,1211
M105U15,1211
M105S98,1211
M102T23,1211
M112N26,1211
M101D42,1211
M107E11,1211
M107C88,1211
M115D88,1210
M122G25,1210
M115D92,1210
M115U77,1210
M103W39,1210
M111N61,1210
M101N62,1210
M110Z42,1210
M109S94,1210
M119X22,1210
M107S25,1210
M111W33,1210
M102B56,1210
M109S30,1210
M109V85,1210
M121D36,1210
M111P95,1210
M109G83,1210
M106M79,1210
M110J78,1210
M117Q73,1210
M101F91,1210
M120A23,1210
M101X57,1210
M113F68,1210
M104D53,1210
M101V35,1210
M119E27,1210
M107Y50,1210
M105S40,1210
M106Z55,1210
M119M29,1210
M110X91,1210
M107W38,1210
M103K70,1210
M106Q93,1210
M113A96,1210
M105N64,1210
M105X37,1210
M106W45,1210
M106K69,1210
M101H53,2001
M116S22,1210
M104G13,1210
M110K20,1210
M108E11,1210
M105K32,1210
M122P64,1210
M105X23,1210
M107F72,1210
M118T20,1210
M112C60,1210
M115V10,1210
M109K23,1210
M102H63,1210
M114V34,1210
M113D63,1210
M122E58,1210
M103Y28,1210
M107U29,1210
M118K70,1210
M112J25,1210
M112U70,1210
M110Q97,1210
M114A45,1210
M118U79,1210
M115N85,1210
M113C80,1210
M106F47,1210
M114Q15,1210
M122M82,1210
M111P38,1210
M110Y48,1210
M111Z98,1210
M106Z87,1210
M113A93,1210
M101C45,1210
M102Y56,1210
M112R53,1210
M101P46,1210
M116H77,1210
M106S72,1210
M104B64,1210
M122G67,1210
M103F28,1210
M111U88,1210
M119E44,1210
M105U73,1209
M102D76,1209
M117Q73,1209
M101M84,1209
M110X52,1209
M109K78,1209
M104U38,1209
M103J70,1209
M111N30,1209
M107M67,1208
M112P33,1208
M107D17,1208
M113K85,1208
M110C42,1208
M107D19,1208
M107D18,1208
M108T64,1208
M116S14,1207
M117S88,1207
M105K69,1207
M120M90,1207
M121N43,1207
M110W54,1401
M105W93,1401
M104B94,1401
M105S98,1401
M111P59,1401
M103A36,1401
M102T23,1401
M111K98,1401
M101S81,1401
M112P67,1401
M109K20,1401
M116S14,1303
M116Q89,1303
M117G35,1303
M120F30,1303
M114W62,1303
M121Y93,1303
M103Z33,1303
M106B42,1303
M111Z46,1303
M115G57,1303
M115H30,1303
M104X84,1303
M120B19,1303
M105H30,1303
M113A87,1303
M107M56,1303
M108Z12,1303
M105C38,1303
M116W79,1303
M102A61,1209
M101Q52,1303
M110Z22,1209
M122F40,1303
M101C23,1303
M109G46,1303
M114X25,1303
M122C63,1303
M115Z71,1303
M101A44,1303
M111F39,1303
M105Z92,1303
M105M61,1303
M114Q18,1303
M113Z20,1303
M111G44,1303
M106V11,1303
M121U41,1303
M110R46,1303
M101T15,1303
M112M33,1301
M102M52,1301
M107X44,1301
M102Y61,1301
M108X11,1301
M103J33,1301
M104V90,1301
M105Q48,1301
M114B14,1301
M106R32,1301
M104X42,1301
M106Q52,1301
M103W43,1301
M103H23,1301
M109B80,1301
M103Z97,1301
M101Y66,1301
M115H79,1301
M103M66,1301
M117V20,1301
M111Y81,1301
M106U42,1301
M101S25,1301
M110T13,1301
M106U71,1301
M102D37,1301
M108T13,1301
M105Q58,1301
M107R79,1216
M121Y93,1216
M111F39,1216
M118D80,1216
M122M96,1216
M101M84,1216
M105Z10,1216
M106Q11,1216
M111N80,1216
M115W20,1216
M105B76,1216
M106Y25,1216
M102F52,1216
M109N21,1216
M121Y93,1215
M120U25,1215
M120J78,1215
M106B24,1215
M107B53,1215
M107Y56,1215
M102M73,1215
M103Q35,1215
M109H62,1215
M111V72,1215
M101W83,1215
M102F29,1215
M112Q89,1215
M111N30,1215
M115F21,1215
M101S47,1215
M107H49,1215
M102M83,1215
M107M70,1215
M104X92,1214
M107D82,1214
M122B31,1216
M104A43,1216
M101U30,1303
M103Q87,2101
M110E49,1216
M104J23,1301
M103G69,1301
M103K64,1301
M103W36,1301
M106F38,1215
M104H52,1215
M101E88,1215
M102T59,1216
M107Z50,1215
M115D72,1215
M119V94,1214
M110U56,1214
M114C48,1214
M105B66,1214
M103M72,1214
M101A16,1214
M111D44,1214
M106T10,1214
M112A25,1214
M108E75,1214
M112J26,1214
M101R32,1214
M104Y91,1214
M101P71,1214
M104S11,1214
M106M47,1214
M103Q27,1214
M102R63,1214
M116E78,1214
M110E75,1214
M105J80,1214
M108C59,1214
M106E87,1214
M105J81,1214
M110Z66,1214
M102J71,1214
M110Z33,1214
M114C73,1213
M106F59,1213
M106M55,1213
M111U59,1213
M114W76,1213
M115U77,1213
M120F91,1213
M103W39,1213
M101N62,1213
M110H96,1213
M106D35,1213
M116M38,1213
M110C27,1213
M102B56,1213
M109S30,1213
M103W92,1213
M103Z33,1207
M105E13,1207
M111Z46,1207
M119E62,1207
M105V93,1207
M102E33,1207
M114X88,1207
M111F39,1207
M105Z92,1207
M105U73,1207
M120F11,1207
M109E15,1207
M106B24,1207
M114Q18,1207
M113Z20,1207
M106D51,1207
M104B43,1207
M108Y67,1207
M108S39,1207
M107B53,1207
M104B68,1207
M101M84,1207
M107C15,1207
M107R42,1207
M109S85,1207
M122H83,1207
M103V19,1207
M117R43,1207
M110X52,1207
M114W65,1207
M108P83,1207
M106D57,1207
M103X19,1207
M111V72,1207
M112Z30,1207
M108Y57,1207
M102P27,1207
M110Z22,2103
M101U34,1207
M121Q76,1207
M111J36,1207
M105G95,1207
M102G34,1207
M102T12,1207
M105K41,1207
M102Z51,1207
M117K36,1207
M113U13,1207
M107M34,1207
M122F40,1213
M101V78,1214
M106J32,1207
M101M11,1207
M122H66,1214
M109P26,1207
M103G41,1207
M107G51,1207
M108C53,1207
M102C51,1207
M109A77,1207
M101S14,1207
M105D39,1207
M106X35,1207
M103P41,1207
M101G58,1207
M101J85,1207
M109U10,1207
M112T98,1207
M102M83,1207
M105U25,1205
M112Q52,1205
M107Z79,1205
M104K60,1205
M102C77,1205
M105J19,1205
M107Q46,1205
M101H53,1205
M115D29,1205
M110C60,1205
M109P45,1205
M102N67,1205
M108Z44,1205
M103M99,1205
M102J14,1205
M108W38,1205
M105P62,1205
M103Z52,1205
M113V76,1205
M103A26,1205
M111Y85,1205
M107H47,1205
M103Z87,1205
M105K80,1205
M116J70,1205
M105A28,1205
M110U10,1205
M102M46,1205
M104R86,1205
M107G80,1205
M104N83,1205
M108D55,1205
M107E83,1205
M107K95,1205
M106S91,1205
M106N95,1205
M103W40,1205
M105M44,1205
M101S81,1205
M110V70,1205
M101J75,1205
M110E58,1205
M112P67,1205
M106Q52,1205
M110U12,1205
M106J26,1205
M109B80,1205
M108V87,1205
M101Y66,1205
M104D19,1205
M106R92,1205
M101V64,1205
M107E45,1205
M107E11,1205
M107E12,1205
M103M66,1205
M101X68,1205
M105W24,1205
M103B19,1205
M101S25,1205
M110T13,1205
M104D67,2203
M108Z93,1205
M110E53,1205
M107Z12,1205
M104D20,1205
M106R33,1205
M105Z58,1205
M109J64,1205
M104J23,1205
M111P55,1205
M107K66,1205
M104W12,1205
M107C16,1207
M103K64,1205
M112E94,1207
M101Y36,1207
M107R43,1205
M103W36,1205
M106F66,1207
M102G93,1207
M110Z71,1205
M107B75,1205
M103G71,1205
M102R73,1205
M105Z54,1205
M101Z18,1205
M111N79,1205
M103N78,1205
M102Y77,1205
M111J98,1205
M101Z24,1205
M105K13,1205
M114R25,1205
M115S48,1204
M104P29,1204
M121F44,1204
M119A46,1204
M119X22,1204
M112V65,1204
M103A34,1204
M110R44,1204
M107J89,1204
M122N38,1204
M118Z53,1204
M119E27,1204
M120U36,1204
M107P53,1204
M103U27,1204
M112X25,1204
M119D26,1204
M109M37,1204
M102G57,1204
M104M61,1204
M110J92,1204
M103D92,1204
M122M84,1204
M103Y28,1204
M102B66,1204
M112F79,1204
M110F92,1204
M112J25,1204
M117P78,1204
M106D45,1204
M109J65,1204
M120Z61,1204
M115K28,1204
M119R53,1204
M118T20,1204
M101Q79,1204
M122E15,1204
M102H63,1204
M108X34,1501
M105U34,1501
M113C13,1501
M107V99,1501
M105U25,1501
M112Q52,1501
M102C77,1501
M107M21,1501
M105J19,1501
M107Q46,1501
M101H53,1501
M115D29,1501
M110C60,1501
M109P45,1501
M108Z44,1501
M103M99,1501
M105E84,1501
M102J14,1501
M108W38,1501
M103Z52,1501
M106K30,1501
M105W42,1501
M115J77,1501
M103A26,1501
M111Y85,1501
M107H47,1501
M103J93,1501
M103Z87,1501
M105K80,1501
M102C60,1501
M104S28,1501
M105J36,1501
M107S65,1501
M105A28,1501
M110D89,1501
M115C97,1501
M114W52,1501
M106J24,1501
M108X39,1501
M116X10,1501
M110U23,1501
M111N91,1205
M105D95,1205
M110V70,1501
M101J75,1501
M110E58,1501
M112P67,1501
M110U12,1501
M106J26,1501
M108V87,1501
M101Y66,1501
M107R40,1501
M104D19,1501
M106R92,1501
M101V64,1501
M105W89,1501
M108Z93,1501
M110E53,1501
M111N79,1501
M106Z40,1501
M111P81,1401
M105X23,1401
M106Z20,1401
M103N27,1401
M102V43,1401
M107H67,1401
M106U53,1401
M102Z89,1401
M104P10,1401
M105U15,1401
M107H83,1401
M101J64,1401
M107V32,1401
M107A79,1401
M102M92,1401
M115B75,1212
M105P64,1212
M109G52,1212
M103N52,1212
M107B83,1212
M105N64,1212
M106X50,1212
M110H57,1212
M103Q41,1212
M104G71,1212
M105R99,1212
M116B33,1212
M106G24,1212
M105Y11,1212
M101A28,1212
M112M91,1212
M105W78,1212
M108S23,1212
M113F94,1212
M107F84,1212
M105U35,1212
M110X92,1212
M103J83,1212
M115U16,1212
M103X12,1212
M102F88,1212
M104V13,1212
M106R91,1204
M116Q36,1204
M115A17,1204
M102D92,1204
M112M28,1204
M118K72,1204
M103Y98,1204
M101T31,2403
M104D41,1401
M107B95,2403
M104G64,1401
M107S77,1501
M118S37,1501
M105R25,1401
M114B49,1401
M108Q20,1401
M107E80,1401
M110A64,1401
M105K92,1401
M103G85,1401
M121Y66,1401
M104U15,1401
M111R49,1501
M111N91,1501
M105D95,1501
M102V93,1501
M110T96,1501
M107S58,1501
M109J64,1501
M104J23,1501
M111P55,1501
M107K66,1501
M104W12,1501
M103G69,1501
M104P59,1501
M103K64,1501
M107R43,1501
M110Z71,1501
M102S96,1212
M112R53,1204
M109M36,1204
M111H33,1204
M106P86,1204
M117S12,1101
M111Z94,1802
M112J25,1213
M101N45,1204
M113A37,1204
M112U70,1204
M110Q97,1204
M114A45,1204
M118U79,1204
M123A32,1204
M123A32,1802
M112H33,1204
M112H33,1802
M105A90,1204
M118R23,1204
M105W20,1204
M106D33,1204
M122M82,1204
M111P38,1204
M103M60,1204
M101V76,1204
M107E62,1204
M106R35,1204
M111M37,1204
M109C11,1204
M117A45,1204
M107E86,1204
M114J24,1204
M103W20,1204
M111A64,1204
M103Z22,1204
M105N46,1204
M119V91,1204
M107R85,1204
M112U75,1204
M114Z20,1204
M120Y83,1203
M101S78,1203
M103H51,1203
M109Z44,1203
M103A19,1203
M118C65,1203
M118U96,1203
M115Q59,1203
M102H66,1203
M112G21,1203
M115G61,1203
M102G76,1203
M122Q15,1203
M106R47,1203
M106U31,1203
M116S36,1203
M103S13,1203
M112A15,1203
M119V94,1203
M111Q20,1203
M104K32,1203
M114X99,1203
M114C48,1203
M105B66,1203
M102Q45,1203
M103M72,1203
M101A16,1203
M111D44,1203
M105D61,1203
M109X22,1203
M116R74,1203
M119V63,1203
M103S25,1203
M105Q21,1203
M105P81,1203
M103Z98,1203
M116Z37,1203
M106C68,1203
M104R64,1203
M102K29,1203
M103A97,1203
M102V79,1203
M102S48,1203
M108T73,1203
M115U13,1203
M104E32,1203
M107S73,1203
M116Y26,1203
M105Q54,1203
M108T93,1203
M105J82,1203
M112Q92,1203
M113C85,1203
M107M55,1203
M101P25,1203
M118N74,1203
M101R10,1203
M105C74,1203
M102U92,1203
M104H17,1203
M106P31,1203
M105J73,1203
M104S14,1203
M114V43,1301
M114V43,1501
M109U10,1503
M112B61,1104
M110E75,1203
M105J80,1203
M106E87,1203
M105J81,1203
M106E73,1203
M106J68,1203
M107U76,1203
M118M89,1203
M103N60,1203
M101Q45,1203
M109Z55,1203
M102R50,1203
M108T47,1203
M109K57,1203
M105J77,1203
M101X24,1203
M109J23,1203
M108B57,1203
M102K54,1203
M101Y56,1203
M105J86,1203
M105J88,1203
M101V80,1202
M117G35,1202
M104D98,1202
M105U73,1202
M113Z20,1202
M102D76,1202
M103Q97,1202
M104Y61,1202
M117Q73,1202
M105B67,1202
M105B57,1202
M104B68,1202
M101M84,1202
M110X52,1202
M103X93,1202
M103X19,1202
M106D69,1202
M106N82,1202
M103H55,1202
M105J57,1202
M104F75,1202
M103J70,1202
M105V83,1202
M101U42,1202
M102U14,1202
M106Q70,1202
M101G15,1202
M111E70,1202
M109V36,1202
M107V92,1202
M120T37,1202
M106T26,1202
M109T41,1202
M108F98,1201
M117U43,1201
M109B52,1201
M101X93,1201
M106Z30,1201
M107M67,1201
M108K78,1201
M108J95,1201
M112P33,1201
M105H40,1201
M103S18,1201
M102P62,1902
M108W31,1402
M101M35,1103
M102F80,1201
M102N63,1401
M102N63,2001
M111A99,2101
M103A40,1207
M104X28,1201
M108Q45,1201
M105J10,1201
M109K37,1201
M106U91,1201
M107K47,1201
M107K22,1201
M105E27,1201
M102M88,1202
M105P13,1202
M108B37,1201
M103S94,1202
M109Z35,1201
M104X71,1202
M106N57,1201
M116Z46,1201
M103Y11,1201
M114R82,1202
M101X29,1202
M102V65,1202
M102V97,1202
M105X64,1201
M102H75,1201
M102F76,1202
M103K96,1203
M106D49,1207
M101V78,1203
M101P62,1202
M122H66,1203
M103S16,1207
M109J34,1207
M106J95,1207
M102T16,1207
M111M50,1207
M102R81,1207
M108G82,1207
M119W11,1207
M112G16,1207
M104G72,1207
M106N29,1207
M104R93,1207
M106S10,1207
M112E18,1207
M109X50,1207
M111P87,1207
M107F15,1206
M103B44,1206
M107H78,1206
M112B10,1206
M104G26,1206
M106E68,1206
M102Z69,1206
M113R48,1206
M103W61,1208
M105F52,1904
M104X28,1602
M112G96,1201
M112G96,1801
M112B86,1208
M112B86,1602
M107F84,2403
M105H61,1904
M103Q40,1212
M101W49,1206
M104D15,1206
M112V38,1206
M116A18,1206
M104V76,1206
M106K82,1206
M108M99,1206
M110Q61,1206
M114Y74,1605
M108V16,1206
M108Q99,1206
M112A25,1206
M105B13,1206
M109F65,1206
M106Q25,1206
M108T11,1206
M101K96,1206
M108R30,1206
M109Z11,1206
M110N90,1303
M106B63,1206
M104Y91,1206
M109F36,1206
M101W74,1206
M102R13,1206
M111F47,1206
M106V25,1206
M102E17,1206
M102Q76,1206
M102N51,1206
M113Q83,1604
M101B70,1903
M117Y46,1206
M109G47,1206
M102H87,1805
M105B35,1206
M103P53,1206
M101P31,1206
M106T76,1206
M106K13,1206
M102D31,1206
M104H16,1206
M102T33,1206
M106Y24,1206
M116E78,1206
M102V65,2003
M107K56,1206
M101E33,1401
M101E33,1701
M107F27,2001
M107T22,1901
M102M24,1206
M106G96,1206
M102Y62,1206
M107T19,1206
M108R33,1206
M110U91,1206
M102X26,1206
M107M55,1206
M110X30,1206
M104C82,1206
M112X13,1206
M103K33,1206
M110S75,1206
M101W70,1206
M107K58,1206
M101V27,1206
M102N87,1206
M116Q65,1206
M103P63,1206
M101N39,1206
M106C21,2001
M104Y61,2103
M117R43,2402
M112U53,2402
M113U97,1805
M122F52,1802
M112R53,1802
M104J52,1703
M114Z54,1804
M101C29,1604
M107S20,1702
M112A71,1601
M110T98,1501
M107P80,1403
M109N41,1213
M105N64,1213
M107C15,1303
M109P96,1212
M119R53,1210
M109J50,1207
M107C88,1102
M101X68,1102
M101S25,1102
M119J81,1206
M103B82,1206
M102C84,1206
M105D49,1206
M107R71,1206
M102G74,1206
M101V31,1206
M103J32,1206
M102X87,1206
M105D56,1206
M106D55,1206
M106D28,1206
M101G54,1206
M106U10,1206
M109Q87,1206
M116T65,1205
M119G15,1205
M112D64,1205
M110G54,1205
M102T96,1205
M115J18,1205
M118F64,1205
M106K23,1205
M108N52,1205
M103H30,1205
M108X34,1205
M104V89,1205
M113W58,1205
M105U34,1205
M108C59,1103
M105N49,1103
M120V92,1103
M104C82,1103
M121D44,1103
M107G79,1103
M102N87,1103
M102W56,1103
M103B82,1103
M102C84,1103
M105D49,1103
M108E38,1103
M109E24,1103
M116U94,1103
M106D31,1103
M105D56,1103
M106D55,1103
M106D28,1103
M101G54,1103
M102T35,1103
M104B69,1103
M106V51,1103
M119B21,1103
M112W28,1102
M103E36,1102
M116A68,1102
M108X34,1102
M114Y61,1102
M105U34,1102
M112Y51,1102
M105F34,1102
M103A26,1102
M113A18,1102
M103J93,1102
M117J34,1102
M108F42,1102
M106J24,1102
M102M46,1102
M107V49,1102
M106S91,1102
M103X20,1102
M106S31,1102
M107N82,1102
M107C57,1102
M105U20,1102
M101Y66,1102
M107E11,1102
M108Z93,1102
M106R33,1102
M105J72,1102
M105R67,1102
M101P22,1102
M119X70,1102
M103W49,1102
M103W69,1102
M101S65,1102
M103C47,1102
M122F66,1101
M112V65,1101
M106R19,1101
M101U61,1101
M115N20,1101
M101K53,1203
M104F12,1203
M105P15,1203
M105R20,1203
M107J70,1203
M110R48,1203
M104V59,1203
M103V91,1203
M122P64,1101
M104M61,1101
M109K56,1101
M115V10,1101
M102H63,1101
M110K89,1101
M112J25,1101
M121Z89,1101
M114Q15,1101
M111S93,1101
M105M56,1101
M103M60,1101
M105P12,1101
M101V76,1101
M106Z87,1101
M105Q59,1101
M110H37,1101
M102P94,1101
M113B22,1101
M101P46,1101
M116H77,1101
M107E86,1101
M101C20,1101
M106S72,1101
M104B64,1101
M122G67,1101
M103F28,1101
M107D67,1101
M119E44,1101
M102T81,1101
M105P30,1101
M110J83,1101
M110Y28,1101
M109J64,1102
M104J23,1102
M107K66,1102
M106J26,1301
